Name;Birthday;Height;Country;Place_of_birth;Hand;Link
KSI;09.06.1993;183;Великобритания;Лондон, Англия;правша;https://vringe.com/dossier/128944-ksi.htm
Никита Абабий;20.10.1998;183;США;Ричмонд, штат Виргиния, США;правша;https://vringe.com/dossier/129015-nikita-ababiy.htm
Стефано Абатанджело;18.05.1982;0;Италия;0;правша;https://vringe.com/dossier/63533-stefano-abatandzhelo.htm
Бахтияр Аббасов;30.11.1985;178;Азербайджан;0;0;https://vringe.com/dossier/77849-bakhtiyar-abbasov.htm
Кямран Аббасов;08.07.1993;185;Киргизия;0;0;https://vringe.com/dossier/128809-kyamran-abbasov.htm
Нариман Аббасов;01.02.1994;173;Азербайджан;0;0;https://vringe.com/dossier/142954-nariman-abbasov.htm
Нарек Абгарян;06.01.1992;165;Армения;Вагаршапат, Армения;правша;https://vringe.com/dossier/118886-narek-abgaryan.htm
Азизбек Абдугофуров;06.03.1992;0;Узбекистан;Кургантепа, Узбекистан;0;https://vringe.com/dossier/113001-azizbek-abdugofurov.htm
Кудратилло Абдукахоров;29.08.1993;0;Узбекистан;Кургантепа, Андижанская область, Узбекистан;правша;https://vringe.com/dossier/98246-kudratillo-abdukakhorov.htm
Мурад Абдулаев;0;175;Россия;0;0;https://vringe.com/dossier/137406-murad-abdulaev.htm
Абдул-Азиз Абдулвахабов;16.01.1989;175;Россия;0;0;https://vringe.com/dossier/108147-abdul-aziz-abdulvakhabov.htm
Заур Абдуллаев;23.03.1994;175;Россия;хут. Дыдымкин, Россия;правша;https://vringe.com/dossier/108817-zaur-abdullaev.htm
Эльнур Абдураимов;10.06.1994;170;Узбекистан;Газалкент, Узбекистан;левша;https://vringe.com/dossier/141881-elnur-abduraimov.htm
Шамиль Абдурахимов;02.09.1981;191;Россия;0;0;https://vringe.com/dossier/79592-shamil-abdurakhimov.htm
Саламу Абдурахманов;0;183;Россия;0;0;https://vringe.com/dossier/130952-salamu-abdurakhmanov.htm
Адлан Абдурашидов;31.07.1990;172;Россия;Москва, Россия;правша;https://vringe.com/dossier/132454-adlan-abdurashidov.htm
Магомед Абдусаламов;25.03.1981;190;Россия;Махачкала, Россия;левша;https://vringe.com/dossier/1792-magomed-abdusalamov.htm
Джоуи Абель;16.05.1981;193;США;Чамплин, штат Миннесота, США;левша;https://vringe.com/dossier/69277-dzhoui-abel.htm
Александр Абрамян;0;170;Украина;Днепропетровск, Украина;правша;https://vringe.com/dossier/151280-aleksandr-abramyan.htm
Артур Абрахам;20.02.1980;175;Германия;Ереван, Армянская ССР, СССР;правша;https://vringe.com/dossier/1586-artur-abrakham.htm
Луис Карлос Абрегу;15.12.1983;178;Аргентина;Чиклигаста, Тукуман, Аргентина;правша;https://vringe.com/dossier/1784-luis-karlos-abregu.htm
Хуан Карлос Абреу;06.06.1987;0;Доминиканская Республика;0;правша;https://vringe.com/dossier/2015-khuan-karlos-abreu.htm
Эдуардо Абреу;26.11.1988;0;Уругвай;Монтевидео, Уругвай;правша;https://vringe.com/dossier/156769-eduardo-khaver-abreu.htm
Ричард Абрил;10.08.1982;175;Куба;Куба;правша;https://vringe.com/dossier/1891-richard-abril.htm
Джейсевер Абседе;07.12.1994;160;Филиппины;0;левша;https://vringe.com/dossier/89644-dzheysever-absede.htm
Лестер Абутан;24.07.1991;157;Филиппины;Сан-Теодоро, Филиппины;правша;https://vringe.com/dossier/95901-lester-abutan.htm
Реия Абэ;25.03.1993;172;Япония;Яма, Япония;левша;https://vringe.com/dossier/106171-ryeiya-abe.htm
Арам Авагян;18.01.1991;173;Армения;Ереван, Армения;правша;https://vringe.com/dossier/129940-aram-avagyan.htm
Саад Авад;0;178;США;0;0;https://vringe.com/dossier/66157-saad-avad.htm
Крис Авалос;05.11.1989;170;США;0;правша;https://vringe.com/dossier/1762-kris-avalos.htm
